{
  "version": 1,
  "author": "Binura Thiranjaya Madoluwage",
  "editor": "wokwi",
  "parts": [
    { "type": "wokwi-breadboard-half", "id": "bb1", "top": 45, "left": -93.2, "attrs": {} },
    { "type": "wokwi-breadboard-half", "id": "bb2", "top": 313.8, "left": -93.2, "attrs": {} },
    { "type": "board-esp32-devkit-c-v4", "id": "esp", "top": -28.8, "left": -263.96, "attrs": {} },
    {
      "type": "wokwi-dht22",
      "id": "dht1",
      "top": -18.9,
      "left": -15,
      "attrs": { "temperature": "4.7", "humidity": "89.5" }
    },
    {
      "type": "wokwi-resistor",
      "id": "r1",
      "top": 129.05,
      "left": -59,
      "rotate": 180,
      "attrs": { "value": "10000" }
    },
    {
      "type": "wokwi-dht22",
      "id": "dht2",
      "top": -18.9,
      "left": 42.6,
      "attrs": { "temperature": "-10.4", "humidity": "89.5" }
    },
    { "type": "wokwi-led", "id": "led1", "top": 54, "left": 99.8, "attrs": { "color": "red" } },
    { "type": "wokwi-led", "id": "led2", "top": 54, "left": 128.6, "attrs": { "color": "red" } },
    {
      "type": "wokwi-resistor",
      "id": "r2",
      "top": 128.75,
      "left": 124.8,
      "attrs": { "value": "220" }
    },
    {
      "type": "wokwi-resistor",
      "id": "r3",
      "top": 119.15,
      "left": 153.6,
      "attrs": { "value": "220" }
    },
    { "type": "wokwi-lcd1602", "id": "lcd1", "top": 233.83, "left": -80, "attrs": {} },
    {
      "type": "wokwi-pushbutton",
      "id": "btn1",
      "top": 182,
      "left": 314,
      "rotate": 270,
      "attrs": { "color": "green", "xray": "1" }
    },
    { "type": "wokwi-potentiometer", "id": "pot1", "top": 363.5, "left": 143.8, "attrs": {} },
    {
      "type": "wokwi-resistor",
      "id": "r4",
      "top": 408,
      "left": 57.05,
      "rotate": 90,
      "attrs": { "value": "215000" }
    }
  ],
  "connections": [
    [ "esp:TX", "$serialMonitor:RX", "", [] ],
    [ "esp:RX", "$serialMonitor:TX", "", [] ],
    [ "esp:GND.2", "bb1:tn.1", "black", [ "v0", "h38.4", "v67.2" ] ],
    [ "esp:5V", "bb1:tp.1", "red", [ "h-19.05", "v19.2", "h172.8", "v-134.4" ] ],
    [ "bb1:11t.d", "bb1:tn.5", "black", [ "h-48", "v-57.5" ] ],
    [ "esp:15", "bb1:9t.e", "green", [ "v0", "h172.8" ] ],
    [ "bb1:2t.a", "bb1:tp.2", "red", [ "h9.6", "v-38.7" ] ],
    [ "bb1:8t.c", "bb1:14t.c", "red", [ "v0" ] ],
    [ "bb1:16t.b", "bb1:11t.b", "black", [ "v0" ] ],
    [ "esp:4", "bb1:15t.e", "green", [ "h9.6", "v38.4", "h220.8" ] ],
    [ "bb1:20t.c", "bb1:tn.18", "green", [ "h19.2", "v-47.9" ] ],
    [ "bb1:23t.c", "bb1:tn.21", "green", [ "h28.8", "v-47.9" ] ],
    [ "esp:16", "bb1:27t.a", "green", [ "h9.6", "v-134.4", "h9.6" ] ],
    [ "esp:17", "bb1:30t.a", "green", [ "h19.2", "v-134.4", "h345.6" ] ],
    [ "bb1:tn.25", "bb2:bn.25", "black", [ "h40", "v442.8" ] ],
    [ "bb2:bp.25", "bb1:tp.25", "red", [ "h49.6", "v-442.8" ] ],
    [ "btn1:1.r", "esp:18", "green", [ "v-230.4", "h-466.6", "v134.4" ] ],
    [ "btn1:2.r", "bb1:tn.24", "green", [ "v-163.2", "h-111.2" ] ],
    [ "bb2:3t.e", "bb2:bn.3", "black", [ "v0" ] ],
    [ "bb2:4t.e", "bb2:bp.4", "red", [ "v0" ] ],
    [ "bb2:26b.j", "bb2:bn.22", "black", [ "v0" ] ],
    [ "bb2:28b.j", "bb2:bp.24", "red", [ "v0" ] ],
    [ "bb2:27b.i", "bb2:5t.e", "orange", [ "h-211.2", "v-57.6" ] ],
    [ "bb2:7t.e", "bb2:bn.6", "black", [ "v0" ] ],
    [ "bb2:18t.e", "bb2:bn.15", "black", [ "v0" ] ],
    [ "bb2:17b.j", "bb2:bp.14", "red", [ "v0" ] ],
    [ "bb2:16t.e", "esp:32", "yellow", [ "v172.8", "h-374.4", "v-518.4" ] ],
    [ "bb2:15t.d", "esp:33", "yellow", [ "v172.8", "h-355.2", "v-499.2" ] ],
    [ "esp:25", "bb2:14t.c", "yellow", [ "h-19.05", "v480", "h336" ] ],
    [ "esp:26", "bb2:13t.b", "yellow", [ "h-9.45", "v460.8", "h316.8" ] ],
    [ "bb1:13b.h", "bb1:13b.i", "green", [ "v0" ] ],
    [ "bb2:8t.a", "esp:27", "white", [ "v172.8", "h-336", "v-441.6" ] ],
    [ "bb2:6t.a", "esp:14", "violet", [ "v163.2", "h-355.2", "v-422.4" ] ],
    [ "dht1:VCC", "bb1:8t.a", "", [ "$bb" ] ],
    [ "dht1:SDA", "bb1:9t.a", "", [ "$bb" ] ],
    [ "dht1:NC", "bb1:10t.a", "", [ "$bb" ] ],
    [ "dht1:GND", "bb1:11t.a", "", [ "$bb" ] ],
    [ "r1:1", "bb1:8t.e", "", [ "$bb" ] ],
    [ "r1:2", "bb1:2t.e", "", [ "$bb" ] ],
    [ "dht2:VCC", "bb1:14t.a", "", [ "$bb" ] ],
    [ "dht2:SDA", "bb1:15t.a", "", [ "$bb" ] ],
    [ "dht2:NC", "bb1:16t.a", "", [ "$bb" ] ],
    [ "dht2:GND", "bb1:17t.a", "", [ "$bb" ] ],
    [ "led1:A", "bb1:21t.a", "", [ "$bb" ] ],
    [ "led1:C", "bb1:20t.a", "", [ "$bb" ] ],
    [ "led2:A", "bb1:24t.a", "", [ "$bb" ] ],
    [ "led2:C", "bb1:23t.a", "", [ "$bb" ] ],
    [ "r2:1", "bb1:21t.e", "", [ "$bb" ] ],
    [ "r2:2", "bb1:27t.e", "", [ "$bb" ] ],
    [ "r3:1", "bb1:24t.d", "", [ "$bb" ] ],
    [ "r3:2", "bb1:30t.d", "", [ "$bb" ] ],
    [ "lcd1:VSS", "bb2:3t.a", "", [ "$bb" ] ],
    [ "lcd1:VDD", "bb2:4t.a", "", [ "$bb" ] ],
    [ "lcd1:V0", "bb2:5t.a", "", [ "$bb" ] ],
    [ "lcd1:RS", "bb2:6t.a", "", [ "$bb" ] ],
    [ "lcd1:RW", "bb2:7t.a", "", [ "$bb" ] ],
    [ "lcd1:E", "bb2:8t.a", "", [ "$bb" ] ],
    [ "lcd1:D0", "bb2:9t.a", "", [ "$bb" ] ],
    [ "lcd1:D1", "bb2:10t.a", "", [ "$bb" ] ],
    [ "lcd1:D2", "bb2:11t.a", "", [ "$bb" ] ],
    [ "lcd1:D3", "bb2:12t.a", "", [ "$bb" ] ],
    [ "lcd1:D4", "bb2:13t.a", "", [ "$bb" ] ],
    [ "lcd1:D5", "bb2:14t.a", "", [ "$bb" ] ],
    [ "lcd1:D6", "bb2:15t.a", "", [ "$bb" ] ],
    [ "lcd1:D7", "bb2:16t.a", "", [ "$bb" ] ],
    [ "lcd1:A", "bb2:17t.a", "", [ "$bb" ] ],
    [ "lcd1:K", "bb2:18t.a", "", [ "$bb" ] ],
    [ "pot1:GND", "bb2:26b.f", "", [ "$bb" ] ],
    [ "pot1:SIG", "bb2:27b.f", "", [ "$bb" ] ],
    [ "pot1:VCC", "bb2:28b.f", "", [ "$bb" ] ],
    [ "r4:1", "bb2:17t.c", "", [ "$bb" ] ],
    [ "r4:2", "bb2:17b.g", "", [ "$bb" ] ]
  ],
  "dependencies": {}
}